<?xml version="1.0" encoding="utf-8"?>
<testxml>
<ticktime>  					1  </ticktime>
<xbound>  					0.05  </xbound>
<ybound>  					0.05  </ybound>
<zbound>  					0.1  </zbound>
<numsatellitecells>  				10  </numsatellitecells>
<satellitecellspeed>  				0.0025  </satellitecellspeed>
<myoblastspawnchance>  				0.25  </myoblastspawnchance>
<satellitecelldiechance>  			0.00  </satellitecelldiechance>
<satellitecellradius>  				0.5  </satellitecellradius>
<satellitecellworldrestriction>  		0.7  </satellitecellworldrestriction>
<nummyoblasts>  				0  </nummyoblasts>
<myoblastspeed>  				0.0025  </myoblastspeed>
<myoblastdiechance>  				0.005  </myoblastdiechance>
<myoblastradius>  				0.5  </myoblastradius>
<myoblastworldrestriction>  			0.7  </myoblastworldrestriction>
<numnuclei>  					0  </numnuclei>
<maxmusclefibers> 				1 </maxmusclefibers>
<nummusclefibers>  				0  </nummusclefibers>
<fibrilradius>  				0.5  </fibrilradius>
<fibrillength>  				15  </fibrillength>
<fibrilgrowrate>  				0.000025  </fibrilgrowrate>
<fibrildecayrate>  				0.000005  </fibrildecayrate>
<nummyofibrils>  				1  </nummyofibrils>
<myofibrilmaxradius>  				1.2  </myofibrilmaxradius>
<myofibrilmaxlength>  				10  </myofibrilmaxlength>
<myofibrilmaxgrowthrate>  			0.5  </myofibrilmaxgrowthrate>
<myofibrilmaxdecayrate>  			0.3  </myofibrilmaxdecayrate>
<interfibrildistance>				0.06  </interfibrildistance>
<myofibriledgedistance>				1.2  </myofibriledgedistance>
<myofibrilprojectionquality>			50  </myofibrilprojectionquality>
<nucleusspeed>  				0.0015  </nucleusspeed>
<nucleusdiechance>  				0.00  </nucleusdiechance>
<nucleusradius>  				0.15  </nucleusradius>

<nucleusrandomspread> 				1 </nucleusrandomspread>
<nucleuspushspread> 				1 </nucleuspushspread>
<myoblastrandomspread> 				1 </myoblastrandomspread>
<myoblastpullspread> 				0 </myoblastpullspread>
<myoblastmusclepullspread> 			1 </myoblastmusclepullspread>

<myofibrilgrownumnucleus> 			0 </myofibrilgrownumnucleus>
<myofibrilgrowdistnucleus> 			1 </myofibrilgrowdistnucleus>
<myofibrilgrownucleardensity>			0 </myofibrilgrownucleardensity>
<myofibrildecaysizemyofibril> 			1 </myofibrildecaysizemyofibril>
<myofibrildecaynummyofibril> 			0 </myofibrildecaynummyofibril>
<myofibrildecaytotalvolume>			0 </myofibrildecaytotalvolume>
<myofibrildecayfiberarea>			1 </myofibrildecayfiberarea>

<myofibrilsplitchance>  			0.03  </myofibrilsplitchance>
<myofibrilsplitradius>  			0  </myofibrilsplitradius>
<myofibrilmaxsplits>				-1  </myofibrilmaxsplits>

<satelliterandomspread>  			1  </satelliterandomspread>
<satellitemusclepullspread>  			1  </satellitemusclepullspread>
<satellitequiescentnot> 			0 </satellitequiescentnot>
<satellitequiescentfused> 			1 </satellitequiescentfused>
<satellitequiescentnumnuclei> 			250 </satellitequiescentnumnuclei>
<satellitequiescentfiberdecay> 			0 </satellitequiescentfiberdecay>

<steadykillsatellitecells>  			0  </steadykillsatellitecells>
<steadykillmyoblasts>  				0  </steadykillmyoblasts>
<steadykillmusclefibers>  			0 </steadykillmusclefibers>
<steadykillmyofibrils>  			0  </steadykillmyofibrils>
<steadykillnuclei>  				0  </steadykillnuclei>

<steadyinducehypertrophy>  			1  </steadyinducehypertrophy>
<steadyinduceatrophy>  				0  </steadyinduceatrophy>

<hypertrophygrowthratemultiplier>  		1  </hypertrophygrowthratemultiplier>
<hypertrophydecayratemultiplier>  		1  </hypertrophydecayratemultiplier>
<hypertrophymaxradiusmultiplier>  		1  </hypertrophymaxradiusmultiplier>
<hypertrophysplitradiusmultiplier>  		1  </hypertrophysplitradiusmultiplier>
<hypertrophyfibersplitting>  			0  </hypertrophyfibersplitting>

<atrophynucleusdiechance>  			0  </atrophynucleusdiechance>

<recordmovie>  					1  </recordmovie>
<scenenumber>  					0  </scenenumber>
<shouldrender>  				1  </shouldrender>
<maxticks>  					50  </maxticks>
<numbersims> 					1 </numbersims>
<moviefolder>D:\temp\MyoGrowth_last\movies\</moviefolder>
</testxml>